{"_default": {"1": {"id": 547124518519308303, "tickets": 9977.529999999955}, "2": {"id": 150667493931745280, "tickets": 6.999999999999983}, "3": {"id": 872855017529417788, "tickets": 10.000000000000014}, "4": {"id": 493824841145778176, "tickets": 0.15000000000000002}}}